preference_type,code,label,parent_code,sort_order
THEME,NATURE,자연,null,10
DETAIL,NATURE_MOUNTAIN,산,NATURE,10
DETAIL,NATURE_RIVER_SEA,하천·해양,NATURE,20
DETAIL,NATURE_ECOLOGY,자연생태,NATURE,30
DETAIL,NATURE_PARK,공원,NATURE,40
DETAIL,NATURE_ETC,그 외,NATURE,50
THEME,HISTORY,역사,null,20
DETAIL,HISTORY_HERITAGE_SITE,역사 유적지,HISTORY,10
DETAIL,HISTORY_RELIC,역사 유물,HISTORY,20
DETAIL,HISTORY_RELIGIOUS_SITE,종교 성지,HISTORY,30
DETAIL,HISTORY_SECURITY_SITE,안보 관광지,HISTORY,40
THEME,ATTRACTION,관광 명소,null,30
DETAIL,ATTRACTION_LANDMARK,랜드마크,ATTRACTION,10
DETAIL,ATTRACTION_THEME_PARK,테마 공원,ATTRACTION,20
DETAIL,ATTRACTION_URBAN_CULTURE,도시·지역 문화 관광,ATTRACTION,30
DETAIL,ATTRACTION_EXHIBITION,전시 시설,ATTRACTION,40
THEME,EXPERIENCE,체험,null,40
DETAIL,EXPERIENCE_TRADITION,전통 체험,EXPERIENCE,10
DETAIL,EXPERIENCE_CRAFT,공예 체험,EXPERIENCE,20
DETAIL,EXPERIENCE_RURAL,농·산·어촌 체험,EXPERIENCE,30
DETAIL,EXPERIENCE_TEMPLE_STAY,산사 체험,EXPERIENCE,40
DETAIL,EXPERIENCE_HEALING,힐링 체험,EXPERIENCE,50
DETAIL,EXPERIENCE_INDUSTRY,산업 관광,EXPERIENCE,60
DETAIL,EXPERIENCE_ETC,그 외 체험,EXPERIENCE,70
THEME,LEISURE_SPORTS,레저 스포츠,null,50
DETAIL,LEISURE_SPORTS_LAND,육상,LEISURE_SPORTS,10
DETAIL,LEISURE_SPORTS_WATER,수상,LEISURE_SPORTS,20
DETAIL,LEISURE_SPORTS_AIR,항공,LEISURE_SPORTS,30
DETAIL,LEISURE_SPORTS_COMPLEX,복합,LEISURE_SPORTS,40
THEME,EVENTS,축제/공연/행사,null,60
DETAIL,EVENTS_FESTIVAL,축제,EVENTS,10
DETAIL,EVENTS_CONCERT,공연,EVENTS,20
DETAIL,EVENTS_FAIR,행사,EVENTS,30
TRAVEL_STYLE,RELAXING,여유롭게,null,10
TRAVEL_STYLE,TIME_EFFICIENCY,효율적으로,null,20
TRAVEL_STYLE,WALK_FRIENDLY,걷는거 좋아요,null,30
TRAVEL_STYLE,CAR_TRAVEL,차로 이동,null,40